exec_time,cycles,sram_read_total,sram_write_total,reg_read_total,reg_write_total,sram_read,sram_write,reg_read,reg_write
3.543054e-02, 33, 36, 6, 72, 27, 1.090909e+00, 1.818182e-01, 2.181818e+00, 8.181818e-01
3.281080e-01, 117, 180, 54, 198, 102, 1.538462e+00, 4.615385e-01, 1.692308e+00, 8.717949e-01
1.801022e+00, 537, 900, 294, 1188, 504, 1.675978e+00, 5.474860e-01, 2.212291e+00, 9.385475e-01
8.193527e+00, 2385, 4068, 1350, 5544, 2856, 1.705660e+00, 5.660377e-01, 2.324528e+00, 1.197484e+00
3.537007e+01, 10113, 17316, 5766, 21600, 11520, 1.712252e+00, 5.701572e-01, 2.135865e+00, 1.139128e+00
