exec_time,cycles,sram_read_total,sram_write_total,reg_read_total,reg_write_total,sram_read,sram_write,reg_read,reg_write
5.987791e-02, 15, 90, 2, 36, 24, 6.000000e+00, 1.333333e-01, 2.400000e+00, 1.600000e+00
1.744547e-01, 39, 258, 34, 72, 57, 6.615385e+00, 8.717949e-01, 1.846154e+00, 1.461538e+00
7.722841e-01, 159, 1098, 194, 318, 147, 6.905660e+00, 1.220126e+00, 2.000000e+00, 9.245283e-01
3.354935e+00, 687, 4794, 898, 1368, 1353, 6.978166e+00, 1.307132e+00, 1.991266e+00, 1.969432e+00
1.446197e+01, 2895, 20250, 3842, 5790, 5777, 6.994819e+00, 1.327116e+00, 2.000000e+00, 1.995510e+00
