cycles, sram_read_total, sram_write_total, reg_read_total, reg_write_total, sram_read, sram_write, reg_read, reg_write
14, 98, 0, 28, 26, 7.000000e+00, 0.000000e+00, 2.000000e+00, 1.857143e+00
38, 266, 14, 76, 75, 7.000000e+00, 3.684210e-01, 2.000000e+00, 1.973684e+00
158, 1106, 84, 316, 314, 7.000000e+00, 5.316456e-01, 2.000000e+00, 1.987342e+00
686, 4802, 392, 2058, 2053, 7.000000e+00, 5.714286e-01, 3.000000e+00, 2.992711e+00
2894, 20258, 1680, 8682, 5779, 7.000000e+00, 5.805114e-01, 3.000000e+00, 1.996890e+00
