exec_time,cycles,sram_read_total,sram_write_total,reg_read_total,reg_write_total,sram_read,sram_write,reg_read,reg_write
5.891238e-02, 33, 36, 6, 72, 24, 1.090909e+00, 1.818182e-01, 2.181818e+00, 7.272727e-01
1.209354e-01, 57, 132, 54, 144, 90, 2.315789e+00, 9.473684e-01, 2.526316e+00, 1.578947e+00
4.228009e-01, 177, 612, 294, 504, 309, 3.457627e+00, 1.661017e+00, 2.847458e+00, 1.745763e+00
1.789999e+00, 705, 2724, 1350, 2079, 1362, 3.863830e+00, 1.914894e+00, 2.948936e+00, 1.931915e+00
7.530197e+00, 2913, 11556, 5766, 8712, 5784, 3.967044e+00, 1.979403e+00, 2.990731e+00, 1.985582e+00
