exec_time,cycles,sram_read_total,sram_write_total,reg_read_total,reg_write_total,sram_read,sram_write,reg_read,reg_write
3.655760e-04, 165888, 3126, 1799, 0, 0, 1.884404e-02, 1.085069e-02, 0.000000e+00, 0.000000e+00
5.525749e+00, 50400, 151200, -67108864, 0, 0, 3.000000e+00, 1.800000e+03, 0.000000e+00, 0.000000e+00
1.174426e+01, 50400, 0, 0, 151200, 50400, 0.000000e+00, 0.000000e+00, 3.000000e+00, 1.000000e+00
3.690485e+01, 6370, 0, 0, 19054, 12712, 0.000000e+00, 0.000000e+00, 2.991209e+00, 1.995604e+00
1.633130e+01, 6368, 24354, 12600, 19043, 6368, 3.824435e+00, 1.978643e+00, 2.990421e+00, 1.000000e+00
