exec_time,cycles,sram_read_total,sram_write_total,reg_read_total,reg_write_total,sram_read,sram_write,reg_read,reg_write
6.122600e-04, 10368, 246, 72, 0, 0, 2.372685e-02, 6.944444e-03, 0.000000e+00, 0.000000e+00
2.163136e-01, 1944, 5832, 139968, 0, 0, 3.000000e+00, 7.200000e+01, 0.000000e+00, 0.000000e+00
4.607561e-01, 1944, 0, 0, 5832, 1944, 0.000000e+00, 0.000000e+00, 3.000000e+00, 1.000000e+00
1.457701e+00, 249, 0, 0, 747, 747, 0.000000e+00, 0.000000e+00, 3.000000e+00, 3.000000e+00
1.186697e+00, 249, 1731, 135, 498, 222, 6.951807e+00, 5.421687e-01, 2.000000e+00, 8.915663e-01
