exec_time,cycles,sram_read_total,sram_write_total,reg_read_total,reg_write_total,sram_read,sram_write,reg_read,reg_write
5.727350e-04, 165888, 3126, 1799, 0, 0, 1.884404e-02, 1.085069e-02, 0.000000e+00, 0.000000e+00
5.391625e+00, 48600, 145800, -67108864, 0, 0, 3.000000e+00, 1.800000e+03, 0.000000e+00, 0.000000e+00
1.118158e+01, 48600, 0, 0, 145800, 48600, 0.000000e+00, 0.000000e+00, 3.000000e+00, 1.000000e+00
3.567920e+01, 6081, 0, 0, 18243, 18243, 0.000000e+00, 0.000000e+00, 3.000000e+00, 3.000000e+00
2.969954e+01, 6081, 42555, 3591, 12150, 12121, 6.998027e+00, 5.905279e-01, 1.998027e+00, 1.993258e+00
