exec_time,cycles,sram_read_total,sram_write_total,reg_read_total,reg_write_total,sram_read,sram_write,reg_read,reg_write
3.484550e-04, 41472, 822, 392, 0, 0, 1.982060e-02, 9.452160e-03, 0.000000e+00, 0.000000e+00
1.211888e+00, 10976, 32928, 4302592, 0, 0, 3.000000e+00, 3.920000e+02, 0.000000e+00, 0.000000e+00
2.531051e+00, 10976, 0, 0, 32928, 10976, 0.000000e+00, 0.000000e+00, 3.000000e+00, 1.000000e+00
4.876783e+01, 4802, 0, 0, 11662, 6860, 0.000000e+00, 0.000000e+00, 2.428571e+00, 1.428571e+00
1.616292e+01, 4704, 7938, 2744, 11123, 2009, 1.687500e+00, 5.833333e-01, 2.364583e+00, 4.270833e-01
