exec_time,cycles,sram_read_total,sram_write_total,reg_read_total,reg_write_total,sram_read,sram_write,reg_read,reg_write
3.238580e-04, 2592, 102, 8, 0, 0, 3.935185e-02, 3.086420e-03, 0.000000e+00, 0.000000e+00
2.697673e-02, 224, 672, 1792, 0, 0, 3.000000e+00, 8.000000e+00, 0.000000e+00, 0.000000e+00
5.992468e-02, 224, 0, 0, 672, 224, 0.000000e+00, 0.000000e+00, 3.000000e+00, 1.000000e+00
4.335728e-01, 98, 0, 0, 28, 28, 0.000000e+00, 0.000000e+00, 2.857143e-01, 2.857143e-01
1.797969e-01, 96, 162, 56, 225, 89, 1.687500e+00, 5.833333e-01, 2.343750e+00, 9.270833e-01
