exec_time,cycles,sram_read_total,sram_write_total,reg_read_total,reg_write_total,sram_read,sram_write,reg_read,reg_write
6.691970e-04, 41472, 822, 392, 0, 0, 1.982060e-02, 9.452160e-03, 0.000000e+00, 0.000000e+00
1.190117e+00, 10584, 31752, 4148928, 0, 0, 3.000000e+00, 3.920000e+02, 0.000000e+00, 0.000000e+00
2.434949e+00, 10584, 0, 0, 31752, 10584, 0.000000e+00, 0.000000e+00, 3.000000e+00, 1.000000e+00
7.765770e+00, 1329, 0, 0, 3987, 3987, 0.000000e+00, 0.000000e+00, 3.000000e+00, 3.000000e+00
6.469267e+00, 1329, 9291, 775, 2658, 2630, 6.990971e+00, 5.831452e-01, 2.000000e+00, 1.978932e+00
