exec_time,cycles,sram_read_total,sram_write_total,reg_read_total,reg_write_total,sram_read,sram_write,reg_read,reg_write
3.208530e-04, 2592, 102, 8, 0, 0, 3.935185e-02, 3.086420e-03, 0.000000e+00, 0.000000e+00
2.813672e-02, 224, 672, 1792, 0, 0, 3.000000e+00, 8.000000e+00, 0.000000e+00, 0.000000e+00
6.044287e-02, 224, 0, 0, 672, 224, 0.000000e+00, 0.000000e+00, 3.000000e+00, 1.000000e+00
8.351970e-01, 98, 0, 0, 238, 140, 0.000000e+00, 0.000000e+00, 2.428571e+00, 1.428571e+00
3.254758e-01, 96, 162, 56, 225, 116, 1.687500e+00, 5.833333e-01, 2.343750e+00, 1.208333e+00
