exec_time,cycles,sram_read_total,sram_write_total,reg_read_total,reg_write_total,sram_read,sram_write,reg_read,reg_write
6.671230e-04, 41472, 822, 392, 0, 0, 1.982060e-02, 9.452160e-03, 0.000000e+00, 0.000000e+00
1.193156e+00, 10976, 32928, 4302592, 0, 0, 3.000000e+00, 3.920000e+02, 0.000000e+00, 0.000000e+00
2.651430e+00, 10976, 0, 0, 32928, 10976, 0.000000e+00, 0.000000e+00, 3.000000e+00, 1.000000e+00
8.352728e+00, 1442, 0, 0, 4270, 2828, 0.000000e+00, 0.000000e+00, 2.961165e+00, 1.961165e+00
3.569439e+00, 1440, 5346, 2744, 4259, 1399, 3.712500e+00, 1.905556e+00, 2.957639e+00, 9.715278e-01
