exec_time,cycles,sram_read_total,sram_write_total,reg_read_total,reg_write_total,sram_read,sram_write,reg_read,reg_write
6.635260e-04, 165888, 3126, 1799, 0, 0, 1.884404e-02, 1.085069e-02, 0.000000e+00, 0.000000e+00
5.423138e+00, 50400, 151200, -67108864, 0, 0, 3.000000e+00, 1.800000e+03, 0.000000e+00, 0.000000e+00
1.144846e+01, 50400, 0, 0, 151200, 50400, 0.000000e+00, 0.000000e+00, 3.000000e+00, 1.000000e+00
2.259335e+02, 22050, 0, 0, 47250, 37800, 0.000000e+00, 0.000000e+00, 2.142857e+00, 1.714286e+00
7.338950e+01, 21600, 36450, 12600, 51075, 27675, 1.687500e+00, 5.833333e-01, 2.364583e+00, 1.281250e+00
