exec_time,cycles,sram_read_total,sram_write_total,reg_read_total,reg_write_total,sram_read,sram_write,reg_read,reg_write
5.749390e-04, 2592, 102, 8, 0, 0, 3.935185e-02, 3.086420e-03, 0.000000e+00, 0.000000e+00
2.399825e-02, 216, 648, 1728, 0, 0, 3.000000e+00, 8.000000e+00, 0.000000e+00, 0.000000e+00
6.286206e-02, 216, 0, 0, 648, 216, 0.000000e+00, 0.000000e+00, 3.000000e+00, 1.000000e+00
1.972738e-01, 33, 0, 0, 99, 99, 0.000000e+00, 0.000000e+00, 3.000000e+00, 3.000000e+00
1.426303e-01, 33, 219, 7, 81, 54, 6.636364e+00, 2.121212e-01, 2.454545e+00, 1.636364e+00
