exec_time,cycles,sram_read_total,sram_write_total,reg_read_total,reg_write_total,sram_read,sram_write,reg_read,reg_write
3.243500e-04, 10368, 246, 72, 0, 0, 2.372685e-02, 6.944444e-03, 0.000000e+00, 0.000000e+00
2.325287e-01, 2016, 6048, 145152, 0, 0, 3.000000e+00, 7.200000e+01, 0.000000e+00, 0.000000e+00
4.801257e-01, 2016, 0, 0, 6048, 2016, 0.000000e+00, 0.000000e+00, 3.000000e+00, 1.000000e+00
1.718244e+00, 322, 0, 0, 910, 616, 0.000000e+00, 0.000000e+00, 2.826087e+00, 1.913043e+00
7.228718e-01, 320, 1026, 504, 756, 456, 3.206250e+00, 1.575000e+00, 2.362500e+00, 1.425000e+00
