exec_time,cycles,sram_read_total,sram_write_total,reg_read_total,reg_write_total,sram_read,sram_write,reg_read,reg_write
3.466390e+01, 10113, 17316, 5766, 21663, 5783, 1.712252e+00, 5.701572e-01, 2.142094e+00, 5.719371e-01
1.244383e+02, 35412, 60624, 20184, 83160, 35280, 1.711962e+00, 5.699763e-01, 2.348356e+00, 9.962724e-01
3.816232e+02, 105360, 180288, 60000, 225648, 60288, 1.711162e+00, 5.694761e-01, 2.141686e+00, 5.722096e-01
7.180801e+02, 195648, 334080, 110976, 456192, 248831, 1.707556e+00, 5.672228e-01, 2.331698e+00, 1.271835e+00
7.746503e+00, 8448, 9216, 1536, 16128, 6144, 1.090909e+00, 1.818182e-01, 1.909091e+00, 7.272727e-01
