exec_time,cycles,sram_read_total,sram_write_total,reg_read_total,reg_write_total,sram_read,sram_write,reg_read,reg_write
7.633563e+00, 2913, 11556, 5766, 8712, 5802, 3.967044e+00, 1.979403e+00, 2.990731e+00, 1.991761e+00
2.716747e+01, 10212, 40464, 20184, 30528, 20316, 3.962397e+00, 1.976498e+00, 2.989424e+00, 1.989424e+00
8.698300e+01, 30480, 120384, 60000, 91008, 60240, 3.949606e+00, 1.968504e+00, 2.985827e+00, 1.976378e+00
1.766057e+02, 57408, 223488, 110976, 170496, 111936, 3.892977e+00, 1.933110e+00, 2.969900e+00, 1.949833e+00
1.443015e+01, 8448, 9216, 1536, 18432, 5376, 1.090909e+00, 1.818182e-01, 2.181818e+00, 6.363636e-01
