cycles, sram_read, sram_write, reg_read, reg_write
2913, 3.203296e+01, 1.879324e+05, 0.000000e+00, 0.000000e+00
10212, 3.203760e+01, 1.645712e+05, 9.566158e+01, 3.177438e+01
30480, 3.205039e+01, 1.224567e+05, 9.554646e+01, 6.314331e+01
57408, 3.210703e+01, 5.666333e+04, 0.000000e+00, 0.000000e+00
8448, 3.490909e+01, 1.105455e+02, 6.981818e+01, 1.745455e+01
