exec_time,cycles,sram_read_total,sram_write_total,reg_read_total,reg_write_total,sram_read,sram_write,reg_read,reg_write
3.214130e-04, 10368, 246, 72, 0, 0, 2.372685e-02, 6.944444e-03, 0.000000e+00, 0.000000e+00
2.210159e-01, 2016, 6048, 145152, 0, 0, 3.000000e+00, 7.200000e+01, 0.000000e+00, 0.000000e+00
4.821251e-01, 2016, 0, 0, 6048, 2016, 0.000000e+00, 0.000000e+00, 3.000000e+00, 1.000000e+00
8.920112e+00, 882, 0, 0, 2142, 1512, 0.000000e+00, 0.000000e+00, 2.428571e+00, 1.714286e+00
2.999607e+00, 864, 1458, 503, 2025, 1044, 1.687500e+00, 5.833333e-01, 2.343750e+00, 1.208333e+00
